,Naive,AutoTheta,Drift,AutoETS,AutoARIMA,ARIMA,TimeGPT,Prophet_exog,LightGBM,XGBoost,NBEATS,NHITS,PatchTST
Naive,,0.000510673914261961,0.000134492058404323,0.134103187325735,0.004447110244319763,0.0012653058249341154,0.006715499585113305,0.0010030911015654898,0.0008000353297425988,0.0005657933248428559,0.023552020768482285,0.046216041563897026,0.009332940858782113
AutoTheta,0.000510673914261961,,0.0029855493349799644,0.19914111794600475,0.010151633964168738,0.0035682110186487925,0.010121379008826814,0.0012459789925116649,0.0013509787092749193,0.0008916483270449138,0.027460934941631265,0.05126728704193084,0.011249612242725027
Drift,0.000134492058404323,0.0029855493349799644,,0.3174404664798678,0.02095721251799043,0.008075077100474726,0.017749419638398045,0.001444168781727706,0.0020245362896296193,0.0012088927707725183,0.031826752228938826,0.05692818041088121,0.01305589216151537
AutoETS,0.134103187325735,0.19914111794600475,0.3174404664798678,,0.4861419843025687,0.38312458652878645,0.14379040892765071,0.020865047904401246,0.027767228573104097,0.008944670729762905,0.08306853122202718,0.10848467033289588,0.04024603371792068
AutoARIMA,0.004447110244319763,0.010151633964168738,0.02095721251799043,0.4861419843025687,,0.3254666119631233,0.22235749798609472,0.009229346408320183,0.0046159765806144115,0.003878050329255256,0.05839443258684662,0.09203112501724675,0.026158362241088362
ARIMA,0.0012653058249341154,0.0035682110186487925,0.008075077100474726,0.38312458652878645,0.3254666119631233,,0.3169155102749597,0.012276573135656665,0.0052044760201586104,0.005949646914421125,0.06643992399115706,0.10081143012278893,0.031686147417862465
TimeGPT,0.006715499585113305,0.010121379008826814,0.017749419638398045,0.14379040892765071,0.22235749798609472,0.3169155102749597,,0.1506414888011851,0.19965700465588165,0.12965419001906486,0.2121112069708302,0.22054998513101443,0.14987429964861398
Prophet_exog,0.0010030911015654898,0.0012459789925116649,0.001444168781727706,0.020865047904401246,0.009229346408320183,0.012276573135656665,0.1506414888011851,,0.5105121716845495,0.6582189919479107,0.7514979907950445,0.5747450330088295,0.5948303389117875
LightGBM,0.0008000353297425988,0.0013509787092749193,0.0020245362896296193,0.027767228573104097,0.0046159765806144115,0.0052044760201586104,0.19965700465588165,0.5105121716845495,,0.3982491136560131,0.4210369480209297,0.3755994364605417,0.32438745328400165
XGBoost,0.0005657933248428559,0.0008916483270449138,0.0012088927707725183,0.008944670729762905,0.003878050329255256,0.005949646914421125,0.12965419001906486,0.6582189919479107,0.3982491136560131,,0.5508832062485027,0.4671486380731933,0.442882638902514
NBEATS,0.023552020768482285,0.027460934941631265,0.031826752228938826,0.08306853122202718,0.05839443258684662,0.06643992399115706,0.2121112069708302,0.7514979907950445,0.4210369480209297,0.5508832062485027,,0.32417698578407284,0.7480489214523227
NHITS,0.046216041563897026,0.05126728704193084,0.05692818041088121,0.10848467033289588,0.09203112501724675,0.10081143012278893,0.22054998513101443,0.5747450330088295,0.3755994364605417,0.4671486380731933,0.32417698578407284,,0.6679786099889244
PatchTST,0.009332940858782113,0.011249612242725027,0.01305589216151537,0.04024603371792068,0.026158362241088362,0.031686147417862465,0.14987429964861398,0.5948303389117875,0.32438745328400165,0.442882638902514,0.7480489214523227,0.6679786099889244,
