model,MAE,RMSE,MAPE_%,n_forecasts
Naive,0.5687,1.5634,4.78,91
AutoTheta,0.5824,1.5683,4.9,91
Drift,0.6013,1.569,5.05,91
AutoETS,0.661,1.6655,5.73,91
AutoARIMA,0.7174,1.6376,5.87,91
CES,0.7284,1.6764,6.3,91
ARIMA,0.7354,1.5995,6.11,91
TimeGPT,0.8226,1.7071,6.66,91
Prophet_exog,1.0795,1.8119,9.17,88
LightGBM,1.0807,1.946,8.93,77
XGBoost,1.1213,2.0267,9.3,77
NBEATS,1.1266,2.1753,9.12,91
PatchTST,1.1528,2.1331,9.75,91
NHITS,1.2152,2.4259,9.42,91
Decomp+Trend,2.123,3.2601,19.1,91
Prophet_base,2.7265,4.1295,21.37,88
